"","ID","lake","goby","point","pointL","x","y"
"1","KAR02_G56_L2.JPG ","KAR02","G56",1,"A",28.839980826,13.7089712496
"2","KAR02_G56_L2.JPG ","KAR02","G56",2,"B",29.138497544,14.9030222986
"3","KAR02_G56_L2.JPG ","KAR02","G56",3,"C",33.019151586,18.98269487
"4","KAR02_G56_L2.JPG ","KAR02","G56",4,"D",37.198338169,18.584667305
"5","KAR02_G56_L2.JPG ","KAR02","G56",5,"E",36.899821451,21.470291992
"6","KAR02_G56_L2.JPG ","KAR02","G56",6,"F",47.248253327,24.057399961
"7","KAR02_G56_L2.JPG ","KAR02","G56",7,"G",47.646265069,19.380706612
"8","KAR02_G56_L2.JPG ","KAR02","G56",8,"H",46.352703173,9.3307898717
"9","KAR02_G56_L2.JPG ","KAR02","G56",9,"I",40.481974598,11.420376834
"10","KAR02_G56_L2.JPG ","KAR02","G56",10,"J",34.312713482,11.8183933229
"11","KAR02_G56_L2.JPG ","KAR02","G56",11,"K",32.820145715,13.1119473074
"12","KAR02_G56_L2.JPG ","KAR02","G56",12,"L",29.237992568,12.5149217829
"13","KAR02_G57_L2.JPG ","KAR02","G57",1,"A",12.467918904,7.941241008
"14","KAR02_G57_L2.JPG ","KAR02","G57",2,"B",12.420298596,8.512646844
"15","KAR02_G57_L2.JPG ","KAR02","G57",3,"C",13.563110268,9.560225472
"16","KAR02_G57_L2.JPG ","KAR02","G57",4,"D",15.610647216,9.512605164
"17","KAR02_G57_L2.JPG ","KAR02","G57",5,"E",15.658267524,11.274435408
"18","KAR02_G57_L2.JPG ","KAR02","G57",6,"F",20.89614552,12.464867388
"19","KAR02_G57_L2.JPG ","KAR02","G57",7,"G",20.22950664,10.41733044
"20","KAR02_G57_L2.JPG ","KAR02","G57",8,"H",20.22950664,5.7032372148
"21","KAR02_G57_L2.JPG ","KAR02","G57",9,"I",17.086778328,6.8460473724
"22","KAR02_G57_L2.JPG ","KAR02","G57",10,"J",14.515455852,7.1317502904
"23","KAR02_G57_L2.JPG ","KAR02","G57",11,"K",14.134516104,7.703154612
"24","KAR02_G57_L2.JPG ","KAR02","G57",12,"L",12.467918904,7.655534304
"25","KAR02_G58_L2.JPG ","KAR02","G58",1,"A",9.779960592,7.405899192
"26","KAR02_G58_L2.JPG ","KAR02","G58",2,"B",9.779960592,7.793928224
"27","KAR02_G58_L2.JPG ","KAR02","G58",3,"C",10.771591864,8.699331584
"28","KAR02_G58_L2.JPG ","KAR02","G58",4,"D",12.668626496,8.397530464
"29","KAR02_G58_L2.JPG ","KAR02","G58",5,"E",12.797971792,9.777190768
"30","KAR02_G58_L2.JPG ","KAR02","G58",6,"F",16.50582,10.294565096
"31","KAR02_G58_L2.JPG ","KAR02","G58",7,"G",16.290246792,9.044250088
"32","KAR02_G58_L2.JPG ","KAR02","G58",8,"H",15.90221776,5.3364032512
"33","KAR02_G58_L2.JPG ","KAR02","G58",9,"I",13.574036712,6.2849219384
"34","KAR02_G58_L2.JPG ","KAR02","G58",10,"J",11.5045394,6.5004937752
"35","KAR02_G58_L2.JPG ","KAR02","G58",11,"K",11.116510368,7.233443368
"36","KAR02_G58_L2.JPG ","KAR02","G58",12,"L",9.952416416,7.104098072
"37","KAR02_G79_L2.JPG ","KAR02","G79",1,"A",18.53866092,10.398690003
"38","KAR02_G79_L2.JPG ","KAR02","G79",2,"B",18.46262691,11.082950151
"39","KAR02_G79_L2.JPG ","KAR02","G79",3,"C",20.28732225,12.60352275
"40","KAR02_G79_L2.JPG ","KAR02","G79",4,"D",22.79627532,12.52750083
"41","KAR02_G79_L2.JPG ","KAR02","G79",5,"E",23.02436526,14.80836396
"42","KAR02_G79_L2.JPG ","KAR02","G79",6,"F",30.01902267,16.25291343
"43","KAR02_G79_L2.JPG ","KAR02","G79",7,"G",29.56284279,13.05970263
"44","KAR02_G79_L2.JPG ","KAR02","G79",8,"H",29.33475285,7.281505959
"45","KAR02_G79_L2.JPG ","KAR02","G79",9,"I",26.06552013,7.889736933
"46","KAR02_G79_L2.JPG ","KAR02","G79",10,"J",21.27569184,8.650025046
"47","KAR02_G79_L2.JPG ","KAR02","G79",11,"K",20.59143411,9.562371507
"48","KAR02_G79_L2.JPG ","KAR02","G79",12,"L",18.61468284,9.790459029
"49","MIS01_G1_L2.JPG ","MIS01","G1",1,"A",8.026816256,5.6413295488
"50","MIS01_G1_L2.JPG ","MIS01","G1",2,"B",8.180557504,5.9103804
"51","MIS01_G1_L2.JPG ","MIS01","G1",3,"C",8.833966976,6.410045568
"52","MIS01_G1_L2.JPG ","MIS01","G1",4,"D",9.871729568,6.486916192
"53","MIS01_G1_L2.JPG ","MIS01","G1",5,"E",10.063909184,7.370937536
"54","MIS01_G1_L2.JPG ","MIS01","G1",6,"F",15.022122496,8.524015232
"55","MIS01_G1_L2.JPG ","MIS01","G1",7,"G",13.63843904,6.832837056
"56","MIS01_G1_L2.JPG ","MIS01","G1",8,"H",14.061230528,3.2198761664
"57","MIS01_G1_L2.JPG ","MIS01","G1",9,"I",11.524469376,4.142334656
"58","MIS01_G1_L2.JPG ","MIS01","G1",10,"J",9.756420576,4.4882567424
"59","MIS01_G1_L2.JPG ","MIS01","G1",11,"K",9.372067456,4.9879212992
"60","MIS01_G1_L2.JPG ","MIS01","G1",12,"L",8.142119136,5.2569721504
"61","MIS01_G2_L2.JPG ","MIS01","G2",1,"A",22.554315104,19.07335455
"62","MIS01_G2_L2.JPG ","MIS01","G2",2,"B",23.422565584,20.933889884
"63","MIS01_G2_L2.JPG ","MIS01","G2",3,"C",28.632068464,24.654960552
"64","MIS01_G2_L2.JPG ","MIS01","G2",4,"D",34.213684328,25.275142284
"65","MIS01_G2_L2.JPG ","MIS01","G2",5,"E",35.578072304,28.500075456
"66","MIS01_G2_L2.JPG ","MIS01","G2",6,"F",51.8267824,31.47693988
"67","MIS01_G2_L2.JPG ","MIS01","G2",7,"G",49.59412422,24.779004788
"68","MIS01_G2_L2.JPG ","MIS01","G2",8,"H",49.346055472,6.2976601808
"69","MIS01_G2_L2.JPG ","MIS01","G2",9,"I",39.051093948,13.1196316192
"70","MIS01_G2_L2.JPG ","MIS01","G2",10,"J",29.376294432,15.3522779648
"71","MIS01_G2_L2.JPG ","MIS01","G2",11,"K",28.135930968,17.7089586844
"72","MIS01_G2_L2.JPG ","MIS01","G2",12,"L",21.81010886,17.460887964
"73","MIS01_G3_L2.JPG ","MIS01","G3",1,"A",24.229248043,20.721275575
"74","MIS01_G3_L2.JPG ","MIS01","G3",2,"B",24.604247525,22.09626705
"75","MIS01_G3_L2.JPG ","MIS01","G3",3,"C",31.104145787,28.22116583
"76","MIS01_G3_L2.JPG ","MIS01","G3",4,"D",36.104065998,27.096187261
"77","MIS01_G3_L2.JPG ","MIS01","G3",5,"E",36.979051538,30.971128903
"78","MIS01_G3_L2.JPG ","MIS01","G3",6,"F",53.603776798,32.971093012
"79","MIS01_G3_L2.JPG ","MIS01","G3",7,"G",51.603812689,26.596181326
"80","MIS01_G3_L2.JPG ","MIS01","G3",8,"H",49.228849098,8.2214810106
"81","MIS01_G3_L2.JPG ","MIS01","G3",9,"I",40.853973303,13.5963967282
"82","MIS01_G3_L2.JPG ","MIS01","G3",10,"J",31.604131845,15.8463598293
"83","MIS01_G3_L2.JPG ","MIS01","G3",11,"K",30.104153794,17.8463279137
"84","MIS01_G3_L2.JPG ","MIS01","G3",12,"L",23.854248561,18.9713104581
"85","MIS01_G4_L2.JPG ","MIS01","G4",1,"A",23.298521348,21.306002868
"86","MIS01_G4_L2.JPG ","MIS01","G4",2,"B",23.54660982,22.670390844
"87","MIS01_G4_L2.JPG ","MIS01","G4",3,"C",30.49261366,27.755869212
"88","MIS01_G4_L2.JPG ","MIS01","G4",4,"D",34.83386606,27.507800464
"89","MIS01_G4_L2.JPG ","MIS01","G4",5,"E",36.322298272,30.484645164
"90","MIS01_G4_L2.JPG ","MIS01","G4",6,"F",51.578713652,32.221146124
"91","MIS01_G4_L2.JPG ","MIS01","G4",7,"G",49.718168456,25.895324016
"92","MIS01_G4_L2.JPG ","MIS01","G4",8,"H",48.72587374,7.5380177276
"93","MIS01_G4_L2.JPG ","MIS01","G4",9,"I",38.554936728,13.6157750324
"94","MIS01_G4_L2.JPG ","MIS01","G4",10,"J",29.252250196,16.2205284448
"95","MIS01_G4_L2.JPG ","MIS01","G4",11,"K",28.632068464,18.0810677236
"96","MIS01_G4_L2.JPG ","MIS01","G4",12,"L",22.554315104,19.07335455
"97","MIS01_G5_L2.JPG ","MIS01","G5",1,"A",29.306089795,28.962054352
"98","MIS01_G5_L2.JPG ","MIS01","G5",2,"B",30.806080086,30.962050241
"99","MIS01_G5_L2.JPG ","MIS01","G5",3,"C",36.972718617,35.462021114
"100","MIS01_G5_L2.JPG ","MIS01","G5",4,"D",43.306034515,35.628698481
"101","MIS01_G5_L2.JPG ","MIS01","G5",5,"E",45.472681268,39.128684661
"102","MIS01_G5_L2.JPG ","MIS01","G5",6,"F",61.805976611,40.295346721
"103","MIS01_G5_L2.JPG ","MIS01","G5",7,"G",60.805965415,33.962030823
"104","MIS01_G5_L2.JPG ","MIS01","G5",8,"H",57.305979235,12.2954413792
"105","MIS01_G5_L2.JPG ","MIS01","G5",9,"I",46.806020695,19.7954166869
"106","MIS01_G5_L2.JPG ","MIS01","G5",10,"J",36.639390386,22.9620719856
"107","MIS01_G5_L2.JPG ","MIS01","G5",11,"K",34.47271713,26.2953967004
"108","MIS01_G5_L2.JPG ","MIS01","G5",12,"L",27.972750368,25.795396403
"109","MIS01_G6_L2.JPG ","MIS01","G6",1,"A",25.833931419,22.3961950694
"110","MIS01_G6_L2.JPG ","MIS01","G6",2,"B",26.691089263,24.110483497
"111","MIS01_G6_L2.JPG ","MIS01","G6",3,"C",33.833972856,29.110495197
"112","MIS01_G6_L2.JPG ","MIS01","G6",4,"D",38.976829052,28.25336007
"113","MIS01_G6_L2.JPG ","MIS01","G6",5,"E",40.405410314,31.967657721
"114","MIS01_G6_L2.JPG ","MIS01","G6",6,"F",56.976893889,32.967660061
"115","MIS01_G6_L2.JPG ","MIS01","G6",7,"G",54.6911775,25.967643681
"116","MIS01_G6_L2.JPG ","MIS01","G6",8,"H",52.262593898,6.6818625233
"117","MIS01_G6_L2.JPG ","MIS01","G6",9,"I",41.262568158,13.3961671943
"118","MIS01_G6_L2.JPG ","MIS01","G6",10,"J",32.405391594,17.1104648453
"119","MIS01_G6_L2.JPG ","MIS01","G6",11,"K",31.262522041,18.9676136708
"120","MIS01_G6_L2.JPG ","MIS01","G6",12,"L",25.262508001,20.9676183508
"121","MIS01_G7_L2.JPG ","MIS01","G7",1,"A",21.377173637,15.997559336
"122","MIS01_G7_L2.JPG ","MIS01","G7",2,"B",21.874696226,17.191610385
"123","MIS01_G7_L2.JPG ","MIS01","G7",3,"C",26.949401317,20.674268508
"124","MIS01_G7_L2.JPG ","MIS01","G7",4,"D",31.228082924,20.37575179
"125","MIS01_G7_L2.JPG ","MIS01","G7",5,"E",32.024122231,23.16186563
"126","MIS01_G7_L2.JPG ","MIS01","G7",6,"F",43.865106051,24.057399961
"127","MIS01_G7_L2.JPG ","MIS01","G7",7,"G",42.96957172,19.878229201
"128","MIS01_G7_L2.JPG ","MIS01","G7",8,"H",42.074037389,5.549632436
"129","MIS01_G7_L2.JPG ","MIS01","G7",9,"I",33.616185022,10.1268228495
"130","MIS01_G7_L2.JPG ","MIS01","G7",10,"J",26.849906293,12.6144263007
"131","MIS01_G7_L2.JPG ","MIS01","G7",11,"K",25.257827679,14.704013263
"132","MIS01_G7_L2.JPG ","MIS01","G7",12,"L",21.178167766,15.0025252341
"133","MIS01_G8_L2.JPG ","MIS01","G8",1,"A",29.979147341,23.471238648
"134","MIS01_G8_L2.JPG ","MIS01","G8",2,"B",30.479153276,24.971216699
"135","MIS01_G8_L2.JPG ","MIS01","G8",3,"C",36.729038632,29.721143881
"136","MIS01_G8_L2.JPG ","MIS01","G8",4,"D",41.353979238,28.596165312
"137","MIS01_G8_L2.JPG ","MIS01","G8",5,"E",42.228964778,31.221121932
"138","MIS01_G8_L2.JPG ","MIS01","G8",6,"F",54.728755367,31.971101019
"139","MIS01_G8_L2.JPG ","MIS01","G8",7,"G",53.853769827,27.471166866
"140","MIS01_G8_L2.JPG ","MIS01","G8",8,"H",52.853797711,11.5964266561
"141","MIS01_G8_L2.JPG ","MIS01","G8",9,"I",45.353907456,17.0963408759
"142","MIS01_G8_L2.JPG ","MIS01","G8",10,"J",37.104038114,19.5963009814
"143","MIS01_G8_L2.JPG ","MIS01","G8",11,"K",35.604060063,22.221253626
"144","MIS01_G8_L2.JPG ","MIS01","G8",12,"L",29.479161283,21.846274021
"145","MIS17_G11_L2.JPG ","MIS17","G11",1,"A",30.740682408,17.8329950308
"146","MIS17_G11_L2.JPG ","MIS17","G11",2,"B",31.732977124,19.4454616168
"147","MIS17_G11_L2.JPG ","MIS17","G11",3,"C",38.927049712,24.158823056
"148","MIS17_G11_L2.JPG ","MIS17","G11",4,"D",44.136552592,23.538641324
"149","MIS17_G11_L2.JPG ","MIS17","G11",5,"E",45.376916056,26.763574496
"150","MIS17_G11_L2.JPG ","MIS17","G11",6,"F",57.532422776,26.887618732
"151","MIS17_G11_L2.JPG ","MIS17","G11",7,"G",57.532422776,20.685821136
"152","MIS17_G11_L2.JPG ","MIS17","G11",8,"H",57.656467012,3.1967633552
"153","MIS17_G11_L2.JPG ","MIS17","G11",9,"I",45.25287182,11.3831306592
"154","MIS17_G11_L2.JPG ","MIS17","G11",10,"J",36.694411256,14.980170898
"155","MIS17_G11_L2.JPG ","MIS17","G11",11,"K",34.957910296,16.8407082044
"156","MIS17_G11_L2.JPG ","MIS17","G11",12,"L",30.368569424,13.2436679656
"157","MIS17_G12_L2.JPG ","MIS17","G12",1,"A",27.621108112,15.160932384
"158","MIS17_G12_L2.JPG ","MIS17","G12",2,"B",27.621108112,15.979098616
"159","MIS17_G12_L2.JPG ","MIS17","G12",3,"C",30.530161272,18.433611768
"160","MIS17_G12_L2.JPG ","MIS17","G12",4,"D",33.348286192,18.251798656
"161","MIS17_G12_L2.JPG ","MIS17","G12",5,"E",33.984653768,20.706297352
"162","MIS17_G12_L2.JPG ","MIS17","G12",6,"F",40.802724976,22.342629816
"163","MIS17_G12_L2.JPG ","MIS17","G12",7,"G",40.439084296,18.61542488
"164","MIS17_G12_L2.JPG ","MIS17","G12",8,"H",41.439078096,10.2519190904
"165","MIS17_G12_L2.JPG ","MIS17","G12",9,"I",35.620986232,13.0700555752
"166","MIS17_G12_L2.JPG ","MIS17","G12",10,"J",30.711974384,13.1609635768
"167","MIS17_G12_L2.JPG ","MIS17","G12",11,"K",30.166520592,13.9791327
"168","MIS17_G12_L2.JPG ","MIS17","G12",12,"L",27.802921224,14.2518552592
"169","MIS17_G13_L2.JPG ","MIS17","G13",1,"A",26.90401162,17.731679576
"170","MIS17_G13_L2.JPG ","MIS17","G13",2,"B",27.070682024,18.481716272
"171","MIS17_G13_L2.JPG ","MIS17","G13",3,"C",30.487471688,21.14846924
"172","MIS17_G13_L2.JPG ","MIS17","G13",4,"D",33.987589928,20.815128432
"173","MIS17_G13_L2.JPG ","MIS17","G13",5,"E",34.570942968,23.148540592
"174","MIS17_G13_L2.JPG ","MIS17","G13",6,"F",42.237874316,23.315210996
"175","MIS17_G13_L2.JPG ","MIS17","G13",7,"G",42.321216144,20.648458028
"176","MIS17_G13_L2.JPG ","MIS17","G13",8,"H",40.237802964,11.3147974612
"177","MIS17_G13_L2.JPG ","MIS17","G13",9,"I",35.654320472,14.14823276
"178","MIS17_G13_L2.JPG ","MIS17","G13",10,"J",31.154166556,15.481609244
"179","MIS17_G13_L2.JPG ","MIS17","G13",11,"K",29.987447224,17.06499796
"180","MIS17_G13_L2.JPG ","MIS17","G13",12,"L",26.90401162,17.148326536
"181","MIS17_G34_L2.JPG ","MIS17","G34",1,"A",30.854132881,18.2213234203
"182","MIS17_G34_L2.JPG ","MIS17","G34",2,"B",30.979139334,19.5963009814
"183","MIS17_G34_L2.JPG ","MIS17","G34",3,"C",34.604087947,23.721231677
"184","MIS17_G34_L2.JPG ","MIS17","G34",4,"D",39.728994734,23.84623813
"185","MIS17_G34_L2.JPG ","MIS17","G34",5,"E",40.853973303,26.721187779
"186","MIS17_G34_L2.JPG ","MIS17","G34",6,"F",50.353827667,28.471158859
"187","MIS17_G34_L2.JPG ","MIS17","G34",7,"G",49.978828185,25.221209728
"188","MIS17_G34_L2.JPG ","MIS17","G34",8,"H",51.728819142,11.9714221627
"189","MIS17_G34_L2.JPG ","MIS17","G34",9,"I",42.103958325,15.9713583315
"190","MIS17_G34_L2.JPG ","MIS17","G34",10,"J",36.854045085,16.3463518504
"191","MIS17_G34_L2.JPG ","MIS17","G34",11,"K",35.479073487,17.596332897
"192","MIS17_G34_L2.JPG ","MIS17","G34",12,"L",30.854132881,16.2213533482
"193","MIS17_G35_L2.JPG ","MIS17","G35",1,"A",28.983971124,16.177438542
"194","MIS17_G35_L2.JPG ","MIS17","G35",2,"B",29.083978802,17.477458846
"195","MIS17_G35_L2.JPG ","MIS17","G35",3,"C",32.98400791,21.677495086
"196","MIS17_G35_L2.JPG ","MIS17","G35",4,"D",38.384056776,20.977489046
"197","MIS17_G35_L2.JPG ","MIS17","G35",5,"E",39.28406227,25.177525286
"198","MIS17_G35_L2.JPG ","MIS17","G35",6,"F",49.884160548,27.377551084
"199","MIS17_G35_L2.JPG ","MIS17","G35",7,"G",49.48416164,21.477495632
"200","MIS17_G35_L2.JPG ","MIS17","G35",8,"H",49.584169318,9.0773736444
"201","MIS17_G35_L2.JPG ","MIS17","G35",9,"I",40.984081482,12.2774030732
"202","MIS17_G35_L2.JPG ","MIS17","G35",10,"J",35.08402603,12.4774057076
"203","MIS17_G35_L2.JPG ","MIS17","G35",11,"K",33.284015042,14.6774251448
"204","MIS17_G35_L2.JPG ","MIS17","G35",12,"L",28.983971124,14.4774241006
"205","MIS20_G14_L2.JPG ","MIS20","G14",1,"A",31.604131845,21.096275057
"206","MIS20_G14_L2.JPG ","MIS20","G14",2,"B",31.979131327,22.221253626
"207","MIS20_G14_L2.JPG ","MIS20","G14",3,"C",38.104030107,26.846194232
"208","MIS20_G14_L2.JPG ","MIS20","G14",4,"D",42.853957289,26.47119475
"209","MIS20_G14_L2.JPG ","MIS20","G14",5,"E",44.35393534,29.346144399
"210","MIS20_G14_L2.JPG ","MIS20","G14",6,"F",58.103710951,30.221129939
"211","MIS20_G14_L2.JPG ","MIS20","G14",7,"G",56.728739353,26.096195268
"212","MIS20_G14_L2.JPG ","MIS20","G14",8,"H",56.478726447,9.0964665506
"213","MIS20_G14_L2.JPG ","MIS20","G14",9,"I",47.103878536,14.4713822682
"214","MIS20_G14_L2.JPG ","MIS20","G14",10,"J",37.979023654,17.0963408759
"215","MIS20_G14_L2.JPG ","MIS20","G14",11,"K",36.979051538,19.7212994836
"216","MIS20_G14_L2.JPG ","MIS20","G14",12,"L",31.479125392,19.4713024792
"217","MIS20_G15_L2.JPG ","MIS20","G15",1,"A",27.104197692,21.596261115
"218","MIS20_G15_L2.JPG ","MIS20","G15",2,"B",27.229204145,22.97125259
"219","MIS20_G15_L2.JPG ","MIS20","G15",3,"C",33.729102407,27.971172801
"220","MIS20_G15_L2.JPG ","MIS20","G15",4,"D",39.104002223,27.471166866
"221","MIS20_G15_L2.JPG ","MIS20","G15",5,"E",39.854001187,30.971128903
"222","MIS20_G15_L2.JPG ","MIS20","G15",6,"F",55.478754331,31.471114961
"223","MIS20_G15_L2.JPG ","MIS20","G15",7,"G",53.728783251,27.096187261
"224","MIS20_G15_L2.JPG ","MIS20","G15",8,"H",52.353791776,9.4714620572
"225","MIS20_G15_L2.JPG ","MIS20","G15",9,"I",42.853957289,14.346383766
"226","MIS20_G15_L2.JPG ","MIS20","G15",10,"J",33.979095436,17.596332897
"227","MIS20_G15_L2.JPG ","MIS20","G15",11,"K",32.479117385,19.0963089603
"228","MIS20_G15_L2.JPG ","MIS20","G15",12,"L",26.604211634,19.5963009814
"229","MIS20_G16_L2.JPG ","MIS20","G16",1,"A",28.854168772,21.471274539
"230","MIS20_G16_L2.JPG ","MIS20","G16",2,"B",29.729154312,23.096239166
"231","MIS20_G16_L2.JPG ","MIS20","G16",3,"C",37.104038114,26.721187779
"232","MIS20_G16_L2.JPG ","MIS20","G16",4,"D",41.978971749,26.346188297
"233","MIS20_G16_L2.JPG ","MIS20","G16",5,"E",43.353943347,28.596165312
"234","MIS20_G16_L2.JPG ","MIS20","G16",6,"F",56.353739871,28.596165312
"235","MIS20_G16_L2.JPG ","MIS20","G16",7,"G",56.103746842,22.97125259
"236","MIS20_G16_L2.JPG ","MIS20","G16",8,"H",52.603804682,6.096514424
"237","MIS20_G16_L2.JPG ","MIS20","G16",9,"I",41.853965296,12.3464156816
"238","MIS20_G16_L2.JPG ","MIS20","G16",10,"J",36.479045603,16.3463518504
"239","MIS20_G16_L2.JPG ","MIS20","G16",11,"K",34.729074523,18.7213154414
"240","MIS20_G16_L2.JPG ","MIS20","G16",12,"L",28.604175743,19.8462959981
"241","MIS20_G17_L2.JPG ","MIS20","G17",1,"A",36.548268167,24.539062419
"242","MIS20_G17_L2.JPG ","MIS20","G17",2,"B",37.262536081,25.967643681
"243","MIS20_G17_L2.JPG ","MIS20","G17",3,"C",44.262575178,29.25336241
"244","MIS20_G17_L2.JPG ","MIS20","G17",4,"D",49.548298587,27.967648361
"245","MIS20_G17_L2.JPG ","MIS20","G17",5,"E",50.119722005,31.824790508
"246","MIS20_G17_L2.JPG ","MIS20","G17",6,"F",62.548329007,31.681946012
"247","MIS20_G17_L2.JPG ","MIS20","G17",7,"G",62.69119622,25.539064759
"248","MIS20_G17_L2.JPG ","MIS20","G17",8,"H",57.834029016,10.5390160288
"249","MIS20_G17_L2.JPG ","MIS20","G17",9,"I",49.834010296,15.9676043791
"250","MIS20_G17_L2.JPG ","MIS20","G17",10,"J",43.548284547,19.1104695253
"251","MIS20_G17_L2.JPG ","MIS20","G17",11,"K",42.262570498,21.2533346032
"252","MIS20_G17_L2.JPG ","MIS20","G17",12,"L",36.405400954,22.967613944
"253","MIS20_G18_L2.JPG ","MIS20","G18",1,"A",37.639375079,21.7954099256
"254","MIS20_G18_L2.JPG ","MIS20","G18",2,"B",37.806052446,22.9620719856
"255","MIS20_G18_L2.JPG ","MIS20","G18",3,"C",45.139353037,29.295382583
"256","MIS20_G18_L2.JPG ","MIS20","G18",4,"D",49.306022182,29.128731719
"257","MIS20_G18_L2.JPG ","MIS20","G18",5,"E",50.639335106,33.128696994
"258","MIS20_G18_L2.JPG ","MIS20","G18",6,"F",64.639306329,34.962042019
"259","MIS20_G18_L2.JPG ","MIS20","G18",7,"G",64.97263456,29.128731719
"260","MIS20_G18_L2.JPG ","MIS20","G18",8,"H",65.305962791,11.4621102005
"261","MIS20_G18_L2.JPG ","MIS20","G18",9,"I",52.806008362,16.4620946224
"262","MIS20_G18_L2.JPG ","MIS20","G18",10,"J",44.639347439,18.7954213927
"263","MIS20_G18_L2.JPG ","MIS20","G18",11,"K",43.639362746,20.7954146314
"264","MIS20_G18_L2.JPG ","MIS20","G18",12,"L",37.806052446,19.9620834527
"265","MIS20_G19_L2.JPG ","MIS20","G19",1,"A",33.635807784,20.6157540071
"266","MIS20_G19_L2.JPG ","MIS20","G19",2,"B",33.918651937,22.4542612417
"267","MIS20_G19_L2.JPG ","MIS20","G19",3,"C",40.989845718,28.111205022
"268","MIS20_G19_L2.JPG ","MIS20","G19",4,"D",45.515419633,27.828360869
"269","MIS20_G19_L2.JPG ","MIS20","G19",5,"E",46.505385413,31.363969004
"270","MIS20_G19_L2.JPG ","MIS20","G19",6,"F",61.496305434,33.768155549
"271","MIS20_G19_L2.JPG ","MIS20","G19",7,"G",61.920560419,28.95975997
"272","MIS20_G19_L2.JPG ","MIS20","G19",8,"H",60.930594639,10.1503921588
"273","MIS20_G19_L2.JPG ","MIS20","G19",9,"I",49.899537738,15.241649882
"274","MIS20_G19_L2.JPG ","MIS20","G19",10,"J",41.979811498,17.3630057674
"275","MIS20_G19_L2.JPG ","MIS20","G19",11,"K",39.999879938,19.6257859782
"276","MIS20_G19_L2.JPG ","MIS20","G19",12,"L",33.352963631,19.2015152509
"277","MIS20_G20_L2.JPG ","MIS20","G20",1,"A",23.36724817,17.58963795
"278","MIS20_G20_L2.JPG ","MIS20","G20",2,"B",23.864770759,18.98269487
"279","MIS20_G20_L2.JPG ","MIS20","G20",3,"C",29.437014262,22.166820452
"280","MIS20_G20_L2.JPG ","MIS20","G20",4,"D",33.019151586,21.76880871
"281","MIS20_G20_L2.JPG ","MIS20","G20",5,"E",34.014196764,24.156910808
"282","MIS20_G20_L2.JPG ","MIS20","G20",6,"F",44.760640382,25.450456881
"283","MIS20_G20_L2.JPG ","MIS20","G20",7,"G",44.462139487,21.569802839
"284","MIS20_G20_L2.JPG ","MIS20","G20",8,"H",44.561634511,7.9377329517
"285","MIS20_G20_L2.JPG ","MIS20","G20",9,"I",34.710725224,11.9178978407
"286","MIS20_G20_L2.JPG ","MIS20","G20",10,"J",29.138497544,14.1069893208
"287","MIS20_G20_L2.JPG ","MIS20","G20",11,"K",27.944446495,16.296076054
"288","MIS20_G20_L2.JPG ","MIS20","G20",12,"L",23.566269864,16.495081925
"289","MIS20_G21_L2.JPG ","MIS20","G21",1,"A",29.262517361,19.6818997584
"290","MIS20_G21_L2.JPG ","MIS20","G21",2,"B",29.691096283,21.3961927294
"291","MIS20_G21_L2.JPG ","MIS20","G21",3,"C",37.262536081,25.967643681
"292","MIS20_G21_L2.JPG ","MIS20","G21",4,"D",41.405412654,25.110485837
"293","MIS20_G21_L2.JPG ","MIS20","G21",5,"E",42.119703285,28.967650701
"294","MIS20_G21_L2.JPG ","MIS20","G21",6,"F",55.262600918,30.539076459
"295","MIS20_G21_L2.JPG ","MIS20","G21",7,"G",55.262600918,23.396192866
"296","MIS20_G21_L2.JPG ","MIS20","G21",8,"H",53.976886869,8.3961532226
"297","MIS20_G21_L2.JPG ","MIS20","G21",9,"I",44.262575178,12.5390229805
"298","MIS20_G21_L2.JPG ","MIS20","G21",10,"J",38.691117343,14.5390276605
"299","MIS20_G21_L2.JPG ","MIS20","G21",11,"K",36.405400954,17.2533229715
"300","MIS20_G21_L2.JPG ","MIS20","G21",12,"L",29.405384574,17.9676090591
"301","MIS20_G22_L2.JPG ","MIS20","G22",1,"A",28.729182196,24.096231159
"302","MIS20_G22_L2.JPG ","MIS20","G22",2,"B",29.229168254,25.721195786
"303","MIS20_G22_L2.JPG ","MIS20","G22",3,"C",36.229052574,30.221129939
"304","MIS20_G22_L2.JPG ","MIS20","G22",4,"D",40.103994216,29.721143881
"305","MIS20_G22_L2.JPG ","MIS20","G22",5,"E",40.728986727,33.221086041
"306","MIS20_G22_L2.JPG ","MIS20","G22",6,"F",52.978784287,35.22105015
"307","MIS20_G22_L2.JPG ","MIS20","G22",7,"G",53.853769827,29.471150852
"308","MIS20_G22_L2.JPG ","MIS20","G22",8,"H",52.603804682,13.8463917449
"309","MIS20_G22_L2.JPG ","MIS20","G22",9,"I",43.4789498,18.2213234203
"310","MIS20_G22_L2.JPG ","MIS20","G22",10,"J",36.729038632,20.471282546
"311","MIS20_G22_L2.JPG ","MIS20","G22",11,"K",34.604087947,23.221245619
"312","MIS20_G22_L2.JPG ","MIS20","G22",12,"L",28.47916929,22.846246137
"313","MIS20_G23_L2.JPG ","MIS20","G23",1,"A",36.103661253,21.259813743
"314","MIS20_G23_L2.JPG ","MIS20","G23",2,"B",36.653100075,23.594961501
"315","MIS20_G23_L2.JPG ","MIS20","G23",3,"C",43.658521506,29.776224699
"316","MIS20_G23_L2.JPG ","MIS20","G23",4,"D",48.466165806,28.814695839
"317","MIS20_G23_L2.JPG ","MIS20","G23",5,"E",49.427694666,33.210250101
"318","MIS20_G23_L2.JPG ","MIS20","G23",6,"F",66.04842654,36.094836681
"319","MIS20_G23_L2.JPG ","MIS20","G23",7,"G",64.400088231,28.814695839
"320","MIS20_G23_L2.JPG ","MIS20","G23",8,"H",62.889120549,9.3093752007
"321","MIS20_G23_L2.JPG ","MIS20","G23",9,"I",53.54855136,15.0785527293
"322","MIS20_G23_L2.JPG ","MIS20","G23",10,"J",44.070611544,16.8642507438
"323","MIS20_G23_L2.JPG ","MIS20","G23",11,"K",42.147553824,19.1993941332
"324","MIS20_G23_L2.JPG ","MIS20","G23",12,"L",35.828919999,19.7488395081
"325","MIS20_G24_L2.JPG ","MIS20","G24",1,"A",26.15136126,15.3522779648
"326","MIS20_G24_L2.JPG ","MIS20","G24",2,"B",25.903292512,17.3368516176
"327","MIS20_G24_L2.JPG ","MIS20","G24",3,"C",31.112795392,24.282867292
"328","MIS20_G24_L2.JPG ","MIS20","G24",4,"D",35.454047792,24.779004788
"329","MIS20_G24_L2.JPG ","MIS20","G24",5,"E",36.322298272,28.624119692
"330","MIS20_G24_L2.JPG ","MIS20","G24",6,"F",50.462394424,34.577828816
"331","MIS20_G24_L2.JPG ","MIS20","G24",7,"G",50.462394424,29.492370172
"332","MIS20_G24_L2.JPG ","MIS20","G24",8,"H",54.307489604,10.5148782068
"333","MIS20_G24_L2.JPG ","MIS20","G24",9,"I",43.268302112,13.6157750324
"334","MIS20_G24_L2.JPG ","MIS20","G24",10,"J",34.709821824,13.2436679656
"335","MIS20_G24_L2.JPG ","MIS20","G24",11,"K",31.857001636,15.4763143112
"336","MIS20_G24_L2.JPG ","MIS20","G24",12,"L",26.399430008,13.7398113788
"337","MIS20_G25_L2.JPG ","MIS20","G25",1,"A",27.405379894,23.110481157
"338","MIS20_G25_L2.JPG ","MIS20","G25",2,"B",27.691091603,25.539064759
"339","MIS20_G25_L2.JPG ","MIS20","G25",3,"C",34.976819692,31.824790508
"340","MIS20_G25_L2.JPG ","MIS20","G25",4,"D",39.976831392,31.681946012
"341","MIS20_G25_L2.JPG ","MIS20","G25",5,"E",41.405412654,36.110511577
"342","MIS20_G25_L2.JPG ","MIS20","G25",6,"F",59.262610278,39.824809228
"343","MIS20_G25_L2.JPG ","MIS20","G25",7,"G",57.69118452,32.539081139
"344","MIS20_G25_L2.JPG ","MIS20","G25",8,"H",58.119763442,11.9675927474
"345","MIS20_G25_L2.JPG ","MIS20","G25",9,"I",45.262577518,17.396178826
"346","MIS20_G25_L2.JPG ","MIS20","G25",10,"J",36.262533741,18.2533253115
"347","MIS20_G25_L2.JPG ","MIS20","G25",11,"K",34.119684565,20.3961881177
"348","MIS20_G25_L2.JPG ","MIS20","G25",12,"L",27.262512681,21.3961927294
"349","MIS20_G26_L2.JPG ","MIS20","G26",1,"A",23.794678568,25.523211032
"350","MIS20_G26_L2.JPG ","MIS20","G26",2,"B",24.290816064,27.13568748
"351","MIS20_G26_L2.JPG ","MIS20","G26",3,"C",29.872431928,32.097121612
"352","MIS20_G26_L2.JPG ","MIS20","G26",4,"D",33.593502596,31.600984116
"353","MIS20_G26_L2.JPG ","MIS20","G26",5,"E",35.081934808,34.825917288
"354","MIS20_G26_L2.JPG ","MIS20","G26",6,"F",48.477804992,36.562418248
"355","MIS20_G26_L2.JPG ","MIS20","G26",7,"G",47.361485764,31.600984116
"356","MIS20_G26_L2.JPG ","MIS20","G26",8,"H",46.61727952,15.848421378
"357","MIS20_G26_L2.JPG ","MIS20","G26",9,"I",37.934754996,20.809865372
"358","MIS20_G26_L2.JPG ","MIS20","G26",10,"J",30.49261366,22.546366332
"359","MIS20_G26_L2.JPG ","MIS20","G26",11,"K",29.004181448,24.406891804
"360","MIS20_G26_L2.JPG ","MIS20","G26",12,"L",23.794678568,24.406891804
"361","MIS20_G27_L2.JPG ","MIS20","G27",1,"A",25.871179497,18.975057142
"362","MIS20_G27_L2.JPG ","MIS20","G27",2,"B",26.09340251,19.975069535
"363","MIS20_G27_L2.JPG ","MIS20","G27",3,"C",30.871259131,24.419582802
"364","MIS20_G27_L2.JPG ","MIS20","G27",4,"D",34.537983018,23.641793422
"365","MIS20_G27_L2.JPG ","MIS20","G27",5,"E",35.426892739,27.086294296
"366","MIS20_G27_L2.JPG ","MIS20","G27",6,"F",46.4270644,29.197439423
"367","MIS20_G27_L2.JPG ","MIS20","G27",7,"G",46.204841387,24.419582802
"368","MIS20_G27_L2.JPG ","MIS20","G27",8,"H",46.093721046,11.6416129018
"369","MIS20_G27_L2.JPG ","MIS20","G27",9,"I",38.093604233,14.6416606822
"370","MIS20_G27_L2.JPG ","MIS20","G27",10,"J",32.315735219,15.3083367888
"371","MIS20_G27_L2.JPG ","MIS20","G27",11,"K",30.537933446,17.6417066957
"372","MIS20_G27_L2.JPG ","MIS20","G27",12,"L",26.09340251,17.752821736
"373","MIS20_G28_L2.JPG ","MIS20","G28",1,"A",31.976812672,22.6819090501
"374","MIS20_G28_L2.JPG ","MIS20","G28",2,"B",32.54823609,24.25335071
"375","MIS20_G28_L2.JPG ","MIS20","G28",3,"C",38.405405634,29.110495197
"376","MIS20_G28_L2.JPG ","MIS20","G28",4,"D",42.976838412,28.824783488
"377","MIS20_G28_L2.JPG ","MIS20","G28",5,"E",43.976863469,32.539081139
"378","MIS20_G28_L2.JPG ","MIS20","G28",6,"F",59.834033696,34.967664741
"379","MIS20_G28_L2.JPG ","MIS20","G28",7,"G",58.69118686,28.681938992
"380","MIS20_G28_L2.JPG ","MIS20","G28",8,"H",59.262610278,10.5390160288
"381","MIS20_G28_L2.JPG ","MIS20","G28",9,"I",47.405426694,15.6818881267
"382","MIS20_G28_L2.JPG ","MIS20","G28",10,"J",38.976829052,17.5390369522
"383","MIS20_G28_L2.JPG ","MIS20","G28",11,"K",37.262536081,20.2533322632
"384","MIS20_G28_L2.JPG ","MIS20","G28",12,"L",31.262522041,19.5390439039
"385","MIS20_G29_L2.JPG ","MIS20","G29",1,"A",37.976826712,23.681904575
"386","MIS20_G29_L2.JPG ","MIS20","G29",2,"B",38.262538421,25.25335305
"387","MIS20_G29_L2.JPG ","MIS20","G29",3,"C",44.691131383,30.396209246
"388","MIS20_G29_L2.JPG ","MIS20","G29",4,"D",49.119719665,29.967653041
"389","MIS20_G29_L2.JPG ","MIS20","G29",5,"E",50.548300927,33.25337177
"390","MIS20_G29_L2.JPG ","MIS20","G29",6,"F",63.976910269,34.25337411
"391","MIS20_G29_L2.JPG ","MIS20","G29",7,"G",63.548331347,29.25336241
"392","MIS20_G29_L2.JPG ","MIS20","G29",8,"H",62.976907929,12.8247369612
"393","MIS20_G29_L2.JPG ","MIS20","G29",9,"I",53.69117516,18.1104671853
"394","MIS20_G29_L2.JPG ","MIS20","G29",10,"J",45.548289227,20.3961881177
"395","MIS20_G29_L2.JPG ","MIS20","G29",11,"K",43.548284547,22.5390531956
"396","MIS20_G29_L2.JPG ","MIS20","G29",12,"L",37.833982216,22.110478817
"397","MIS20_G30_L2.JPG ","MIS20","G30",1,"A",21.541046406,12.8593940541
"398","MIS20_G30_L2.JPG ","MIS20","G30",2,"B",21.988260195,14.737687701
"399","MIS20_G30_L2.JPG ","MIS20","G30",3,"C",27.712576782,20.640886959
"400","MIS20_G30_L2.JPG ","MIS20","G30",4,"D",32.005803555,20.372555841
"401","MIS20_G30_L2.JPG ","MIS20","G30",5,"E",33.347444922,24.129134601
"402","MIS20_G30_L2.JPG ","MIS20","G30",6,"F",46.13770524,26.722968888
"403","MIS20_G30_L2.JPG ","MIS20","G30",7,"G",47.658229278,21.893079879
"404","MIS20_G30_L2.JPG ","MIS20","G30",8,"H",47.568780831,5.4356736027
"405","MIS20_G30_L2.JPG ","MIS20","G30",9,"I",38.892878838,9.4605820584
"406","MIS20_G30_L2.JPG ","MIS20","G30",10,"J",29.501417715,10.0866799407
"407","MIS20_G30_L2.JPG ","MIS20","G30",11,"K",27.175914546,12.4121816874
"408","MIS20_G30_L2.JPG ","MIS20","G30",12,"L",21.451597959,11.5177583763
"409","MIS20_G31_L2.JPG ","MIS20","G31",1,"A",19.28387834,17.477458846
"410","MIS20_G31_L2.JPG ","MIS20","G31",2,"B",19.68389315,18.977462702
"411","MIS20_G31_L2.JPG ","MIS20","G31",3,"C",24.283928298,23.177498942
"412","MIS20_G31_L2.JPG ","MIS20","G31",4,"D",28.583972216,23.077507166
"413","MIS20_G31_L2.JPG ","MIS20","G31",5,"E",30.18398375,26.677545044
"414","MIS20_G31_L2.JPG ","MIS20","G31",6,"F",43.484114412,28.777563164
"415","MIS20_G31_L2.JPG ","MIS20","G31",7,"G",41.684087522,22.877507712
"416","MIS20_G31_L2.JPG ","MIS20","G31",8,"H",40.884089706,7.0773552514
"417","MIS20_G31_L2.JPG ","MIS20","G31",9,"I",31.783995284,11.7773980774
"418","MIS20_G31_L2.JPG ","MIS20","G31",10,"J",24.183936522,14.2774214662
"419","MIS20_G31_L2.JPG ","MIS20","G31",11,"K",23.283915126,15.5774338192
"420","MIS20_G31_L2.JPG ","MIS20","G31",12,"L",19.28387834,16.177438542
"421","MIS20_G32_L2.JPG ","MIS20","G32",1,"A",16.736997708,12.4815048664
"422","MIS20_G32_L2.JPG ","MIS20","G32",2,"B",16.903668112,13.8148787
"423","MIS20_G32_L2.JPG ","MIS20","G32",3,"C",21.903846492,19.315068292
"424","MIS20_G32_L2.JPG ","MIS20","G32",4,"D",25.1539525,18.981727484
"425","MIS20_G32_L2.JPG ","MIS20","G32",5,"E",26.90401162,21.565151876
"426","MIS20_G32_L2.JPG ","MIS20","G32",6,"F",38.071061208,24.398575248
"427","MIS20_G32_L2.JPG ","MIS20","G32",7,"G",38.154403036,21.065127412
"428","MIS20_G32_L2.JPG ","MIS20","G32",8,"H",37.987732632,5.9812795984
"429","MIS20_G32_L2.JPG ","MIS20","G32",9,"I",30.487471688,10.2314265832
"430","MIS20_G32_L2.JPG ","MIS20","G32",10,"J",23.153881148,11.731478772
"431","MIS20_G32_L2.JPG ","MIS20","G32",11,"K",22.070516896,13.2315296356
"432","MIS20_G32_L2.JPG ","MIS20","G32",12,"L",16.820326284,11.3981339884
"433","MIS20_G33_L2.JPG ","MIS20","G33",1,"A",9.8709352696,17.752821736
"434","MIS20_G33_L2.JPG ","MIS20","G33",2,"B",10.0931618164,19.197280155
"435","MIS20_G33_L2.JPG ","MIS20","G33",3,"C",15.6488042836,24.752926156
"436","MIS20_G33_L2.JPG ","MIS20","G33",4,"D",19.315521103,24.975149169
"437","MIS20_G33_L2.JPG ","MIS20","G33",5,"E",20.315551165,27.975204017
"438","MIS20_G33_L2.JPG ","MIS20","G33",6,"F",34.537983018,30.641915511
"439","MIS20_G33_L2.JPG ","MIS20","G33",7,"G",32.426837891,25.530715536
"440","MIS20_G33_L2.JPG ","MIS20","G33",8,"H",34.093536992,8.4193421084
"441","MIS20_G33_L2.JPG ","MIS20","G33",9,"I",22.98224499,13.1971934287
"442","MIS20_G33_L2.JPG ","MIS20","G33",10,"J",16.4265936636,14.1972093555
"443","MIS20_G33_L2.JPG ","MIS20","G33",11,"K",15.0932396835,15.8639013889
"444","MIS20_G33_L2.JPG ","MIS20","G33",12,"L",10.2042750898,16.6416925358
"445","MIS31_G2_L2.JPG ","MIS31","G2",1,"A",12.6218466351,17.4125278962
"446","MIS31_G2_L2.JPG ","MIS31","G2",2,"B",13.5173858589,18.606579012
"447","MIS31_G2_L2.JPG ","MIS31","G2",3,"C",20.383193079,21.691213722
"448","MIS31_G2_L2.JPG ","MIS31","G2",4,"D",24.661875357,21.492199881
"449","MIS31_G2_L2.JPG ","MIS31","G2",5,"E",26.253950607,25.074360324
"450","MIS31_G2_L2.JPG ","MIS31","G2",6,"F",39.09001518,25.074360324
"451","MIS31_G2_L2.JPG ","MIS31","G2",7,"G",38.194461765,18.30806712
"452","MIS31_G2_L2.JPG ","MIS31","G2",8,"H",35.408338947,6.0690298788
"453","MIS31_G2_L2.JPG ","MIS31","G2",9,"I",24.164349624,10.7457345171
"454","MIS31_G2_L2.JPG ","MIS31","G2",10,"J",18.293592096,12.9348317772
"455","MIS31_G2_L2.JPG ","MIS31","G2",11,"K",15.7064813451,14.8254135975
"456","MIS31_G2_L2.JPG ","MIS31","G2",12,"L",12.7213500078,12.1387959261
"457","MIS31_G3_L2.JPG ","MIS31","G3",1,"A",14.72879328,12.60588252
"458","MIS31_G3_L2.JPG ","MIS31","G3",2,"B",14.65516356,13.48937556
"459","MIS31_G3_L2.JPG ","MIS31","G3",3,"C",17.93146032,15.9189846
"460","MIS31_G3_L2.JPG ","MIS31","G3",4,"D",20.50831608,15.9189846
"461","MIS31_G3_L2.JPG ","MIS31","G3",5,"E",21.64949724,18.31178196
"462","MIS31_G3_L2.JPG ","MIS31","G3",6,"F",30.8893752,20.11558608
"463","MIS31_G3_L2.JPG ","MIS31","G3",7,"G",29.67457068,15.84536124
"464","MIS31_G3_L2.JPG ","MIS31","G3",8,"H",29.67457068,6.347797704
"465","MIS31_G3_L2.JPG ","MIS31","G3",9,"I",21.09730932,9.77133864
"466","MIS31_G3_L2.JPG ","MIS31","G3",10,"J",18.29957712,11.50151304
"467","MIS31_G3_L2.JPG ","MIS31","G3",11,"K",16.9007142,13.04762904
"468","MIS31_G3_L2.JPG ","MIS31","G3",12,"L",14.87604,12.01688292
"469","MIS31_G4_L2.JPG ","MIS31","G4",1,"A",16.073497468,10.942949163
"470","MIS31_G4_L2.JPG ","MIS31","G4",2,"B",16.113371,12.258796386
"471","MIS31_G4_L2.JPG ","MIS31","G4",3,"C",20.100786201,14.571495687
"472","MIS31_G4_L2.JPG ","MIS31","G4",4,"D",23.490091533,14.651242751
"473","MIS31_G4_L2.JPG ","MIS31","G4",5,"E",24.68631816,17.362684261
"474","MIS31_G4_L2.JPG ","MIS31","G4",6,"F",34.894100799,20.114006192
"475","MIS31_G4_L2.JPG ","MIS31","G4",7,"G",33.737747704,14.810743768
"476","MIS31_G4_L2.JPG ","MIS31","G4",8,"H",33.059890771,4.2440876297
"477","MIS31_G4_L2.JPG ","MIS31","G4",9,"I",23.769213146,7.154901622
"478","MIS31_G4_L2.JPG ","MIS31","G4",10,"J",21.376759892,8.670116505
"479","MIS31_G4_L2.JPG ","MIS31","G4",11,"K",19.781791056,10.584080486
"480","MIS31_G4_L2.JPG ","MIS31","G4",12,"L",16.512113209,9.866343132
"481","MIS31_G5_L2.JPG ","MIS31","G5",1,"A",10.0435528,7.19588284
"482","MIS31_G5_L2.JPG ","MIS31","G5",2,"B",10.126761088,7.750614344
"483","MIS31_G5_L2.JPG ","MIS31","G5",3,"C",12.179265736,9.553489336
"484","MIS31_G5_L2.JPG ","MIS31","G5",4,"D",13.926668536,9.248387488
"485","MIS31_G5_L2.JPG ","MIS31","G5",5,"E",14.731029696,11.4950496
"486","MIS31_G5_L2.JPG ","MIS31","G5",6,"F",21.221376792,13.575285552
"487","MIS31_G5_L2.JPG ","MIS31","G5",7,"G",20.306071248,10.191429128
"488","MIS31_G5_L2.JPG ","MIS31","G5",8,"H",20.084177688,4.4777037416
"489","MIS31_G5_L2.JPG ","MIS31","G5",9,"I",16.00690928,5.476220928
"490","MIS31_G5_L2.JPG ","MIS31","G5",10,"J",12.928154704,6.11416072
"491","MIS31_G5_L2.JPG ","MIS31","G5",11,"K",12.123793544,7.05720236
"492","MIS31_G5_L2.JPG ","MIS31","G5",12,"L",10.26544636,6.446998664
"493","WAR03_G59_L2.JPG ","WAR03","G59",1,"A",27.760101611,15.7527898824
"494","WAR03_G59_L2.JPG ","WAR03","G59",2,"B",27.982324624,17.197255369
"495","WAR03_G59_L2.JPG ","WAR03","G59",3,"C",32.426837891,21.419545623
"496","WAR03_G59_L2.JPG ","WAR03","G59",4,"D",36.871351158,21.308425282
"497","WAR03_G59_L2.JPG ","WAR03","G59",5,"E",37.093574171,24.864046497
"498","WAR03_G59_L2.JPG ","WAR03","G59",6,"F",48.982655553,27.864083676
"499","WAR03_G59_L2.JPG ","WAR03","G59",7,"G",48.204866173,23.419570409
"500","WAR03_G59_L2.JPG ","WAR03","G59",8,"H",48.315986514,10.0860341418
"501","WAR03_G59_L2.JPG ","WAR03","G59",9,"I",41.315864425,13.3083067021
"502","WAR03_G59_L2.JPG ","WAR03","G59",10,"J",33.760193638,13.6416447554
"503","WAR03_G59_L2.JPG ","WAR03","G59",11,"K",32.426837891,15.0861120089
"504","WAR03_G59_L2.JPG ","WAR03","G59",12,"L",27.982324624,14.1972093555
"505","WAR03_G60_L2.JPG ","WAR03","G60",1,"A",20.530310008,11.7064413336
"506","WAR03_G60_L2.JPG ","WAR03","G60",2,"B",20.621223792,12.7064250144
"507","WAR03_G60_L2.JPG ","WAR03","G60",3,"C",23.893903176,16.0700124
"508","WAR03_G60_L2.JPG ","WAR03","G60",4,"D",26.984754992,16.160911728
"509","WAR03_G60_L2.JPG ","WAR03","G60",5,"E",27.257481888,18.61542488
"510","WAR03_G60_L2.JPG ","WAR03","G60",6,"F",36.71187936,21.524463584
"511","WAR03_G60_L2.JPG ","WAR03","G60",7,"G",35.348259336,16.97907796
"512","WAR03_G60_L2.JPG ","WAR03","G60",8,"H",35.166446224,7.43378116
"513","WAR03_G60_L2.JPG ","WAR03","G60",9,"I",29.893808152,9.4337499672
"514","WAR03_G60_L2.JPG ","WAR03","G60",10,"J",24.984796304,9.8882885296
"515","WAR03_G60_L2.JPG ","WAR03","G60",11,"K",24.166615616,10.979180212
"516","WAR03_G60_L2.JPG ","WAR03","G60",12,"L",20.803036904,11.070086768
"517","WAR03_G61_L2.JPG ","WAR03","G61",1,"A",26.09340251,17.0861438625
"518","WAR03_G61_L2.JPG ","WAR03","G61",2,"B",26.09340251,18.197267762
"519","WAR03_G61_L2.JPG ","WAR03","G61",3,"C",29.649023725,21.419545623
"520","WAR03_G61_L2.JPG ","WAR03","G61",4,"D",32.871301586,21.641768636
"521","WAR03_G61_L2.JPG ","WAR03","G61",5,"E",32.982404258,24.975149169
"522","WAR03_G61_L2.JPG ","WAR03","G61",6,"F",44.649262627,28.419650043
"523","WAR03_G61_L2.JPG ","WAR03","G61",7,"G",43.093683867,23.086244724
"524","WAR03_G61_L2.JPG ","WAR03","G61",8,"H",43.871473247,12.1971775019
"525","WAR03_G61_L2.JPG ","WAR03","G61",9,"I",36.982471499,14.8638854621
"526","WAR03_G61_L2.JPG ","WAR03","G61",10,"J",31.426825498,14.5305474088
"527","WAR03_G61_L2.JPG ","WAR03","G61",11,"K",29.871246738,15.9750146623
"528","WAR03_G61_L2.JPG ","WAR03","G61",12,"L",26.09340251,15.9750146623
"529","WAR03_G62_L2.JPG ","WAR03","G62",1,"A",22.257556256,13.8882246984
"530","WAR03_G62_L2.JPG ","WAR03","G62",2,"B",22.530283152,15.160932384
"531","WAR03_G62_L2.JPG ","WAR03","G62",3,"C",25.348422528,18.160884872
"532","WAR03_G62_L2.JPG ","WAR03","G62",4,"D",28.257461232,17.888157976
"533","WAR03_G62_L2.JPG ","WAR03","G62",5,"E",29.166541248,20.706297352
"534","WAR03_G62_L2.JPG ","WAR03","G62",6,"F",38.166398712,22.524457384
"535","WAR03_G62_L2.JPG ","WAR03","G62",7,"G",37.257318696,19.979030448
"536","WAR03_G62_L2.JPG ","WAR03","G62",8,"H",37.711858704,10.1610110888
"537","WAR03_G62_L2.JPG ","WAR03","G62",9,"I",31.984680624,12.4337024552
"538","WAR03_G62_L2.JPG ","WAR03","G62",10,"J",27.439295,12.0700718944
"539","WAR03_G62_L2.JPG ","WAR03","G62",11,"K",26.16658876,13.8882246984
"540","WAR03_G62_L2.JPG ","WAR03","G62",12,"L",22.712096264,12.797333016
"541","WAR03_G63_L2.JPG ","WAR03","G63",1,"A",25.479233065,19.346303977
"542","WAR03_G63_L2.JPG ","WAR03","G63",2,"B",26.604211634,21.22128151
"543","WAR03_G63_L2.JPG ","WAR03","G63",3,"C",32.854116867,23.971224706
"544","WAR03_G63_L2.JPG ","WAR03","G63",4,"D",37.354031143,22.346260079
"545","WAR03_G63_L2.JPG ","WAR03","G63",5,"E",38.854009194,25.846202239
"546","WAR03_G63_L2.JPG ","WAR03","G63",6,"F",51.478806236,25.846202239
"547","WAR03_G63_L2.JPG ","WAR03","G63",7,"G",49.353855551,19.2213074625
"548","WAR03_G63_L2.JPG ","WAR03","G63",8,"H",48.478870011,4.5965383607
"549","WAR03_G63_L2.JPG ","WAR03","G63",9,"I",34.604087947,12.3464156816
"550","WAR03_G63_L2.JPG ","WAR03","G63",10,"J",31.354138816,14.4713822682
"551","WAR03_G63_L2.JPG ","WAR03","G63",11,"K",30.729146305,16.9713423737
"552","WAR03_G63_L2.JPG ","WAR03","G63",12,"L",25.354226612,17.9713264159
"553","WAR03_G64_L2.JPG ","WAR03","G64",1,"A",16.92804507,13.0195075092
"554","WAR03_G64_L2.JPG ","WAR03","G64",2,"B",17.260228794,14.182161108
"555","WAR03_G64_L2.JPG ","WAR03","G64",3,"C",21.495617496,17.504037966
"556","WAR03_G64_L2.JPG ","WAR03","G64",4,"D",25.06663875,16.42443426
"557","WAR03_G64_L2.JPG ","WAR03","G64",5,"E",25.980150594,19.33107486
"558","WAR03_G64_L2.JPG ","WAR03","G64",6,"F",35.364453048,20.4937311
"559","WAR03_G64_L2.JPG ","WAR03","G64",7,"G",34.783124928,15.593961744
"560","WAR03_G64_L2.JPG ","WAR03","G64",8,"H",34.949229996,4.7978612952
"561","WAR03_G64_L2.JPG ","WAR03","G64",9,"I",27.059767506,8.5349730906
"562","WAR03_G64_L2.JPG ","WAR03","G64",10,"J",21.57867003,10.112864268
"563","WAR03_G64_L2.JPG ","WAR03","G64",11,"K",20.831250048,11.5246622628
"564","WAR03_G64_L2.JPG ","WAR03","G64",12,"L",16.92804507,12.1890376344
"565","WAR03_G65_L2.JPG ","WAR03","G65",1,"A",23.173074136,17.092138861
"566","WAR03_G65_L2.JPG ","WAR03","G65",2,"B",23.504379962,18.196479907
"567","WAR03_G65_L2.JPG ","WAR03","G65",3,"C",27.148691365,21.730350181
"568","WAR03_G65_L2.JPG ","WAR03","G65",4,"D",30.903426336,20.626009135
"569","WAR03_G65_L2.JPG ","WAR03","G65",5,"E",31.124308594,24.601626364
"570","WAR03_G65_L2.JPG ","WAR03","G65",6,"F",42.609395765,27.141596721
"571","WAR03_G65_L2.JPG ","WAR03","G65",7,"G",41.173766454,21.84079131
"572","WAR03_G65_L2.JPG ","WAR03","G65",8,"H",42.940701591,10.6869853796
"573","WAR03_G65_L2.JPG ","WAR03","G65",9,"I",33.885143648,13.447827458
"574","WAR03_G65_L2.JPG ","WAR03","G65",10,"J",28.253032411,14.5521649918
"575","WAR03_G65_L2.JPG ","WAR03","G65",11,"K",27.148691365,15.7669348741
"576","WAR03_G65_L2.JPG ","WAR03","G65",12,"L",23.283515265,16.4295377456
"577","WAR03_G66_L2.JPG ","WAR03","G66",1,"A",24.829585705,16.8712724079
"578","WAR03_G66_L2.JPG ","WAR03","G66",2,"B",24.940009273,17.754732952
"579","WAR03_G66_L2.JPG ","WAR03","G66",3,"C",27.811285456,20.515585567
"580","WAR03_G66_L2.JPG ","WAR03","G66",4,"D",31.124308594,20.184279741
"581","WAR03_G66_L2.JPG ","WAR03","G66",5,"E",31.676461556,23.276420621
"582","WAR03_G66_L2.JPG ","WAR03","G66",6,"F",41.173766454,25.264238016
"583","WAR03_G66_L2.JPG ","WAR03","G66",7,"G",39.517254885,22.172097136
"584","WAR03_G66_L2.JPG ","WAR03","G66",8,"H",41.394631151,12.5643581334
"585","WAR03_G66_L2.JPG ","WAR03","G66",9,"I",34.326873042,14.5521649918
"586","WAR03_G66_L2.JPG ","WAR03","G66",10,"J",28.915626502,15.3252002118
"587","WAR03_G66_L2.JPG ","WAR03","G66",11,"K",28.142591282,16.0982371879
"588","WAR03_G66_L2.JPG ","WAR03","G66",12,"L",24.940009273,16.2086695364
"589","WAR03_G67_L2.JPG ","WAR03","G67",1,"A",26.265215016,17.754732952
"590","WAR03_G67_L2.JPG ","WAR03","G67",2,"B",26.486079713,18.859073998
"591","WAR03_G67_L2.JPG ","WAR03","G67",3,"C",29.357355896,21.06775609
"592","WAR03_G67_L2.JPG ","WAR03","G67",4,"D",33.112108428,21.178179658
"593","WAR03_G67_L2.JPG ","WAR03","G67",5,"E",33.222531996,24.491202796
"594","WAR03_G67_L2.JPG ","WAR03","G67",6,"F",42.388531068,26.589443759
"595","WAR03_G67_L2.JPG ","WAR03","G67",7,"G",42.609395765,23.165997053
"596","WAR03_G67_L2.JPG ","WAR03","G67",8,"H",42.830278023,13.2269610049
"597","WAR03_G67_L2.JPG ","WAR03","G67",9,"I",36.977284528,15.4356343164
"598","WAR03_G67_L2.JPG ","WAR03","G67",10,"J",30.682561639,15.7669348741
"599","WAR03_G67_L2.JPG ","WAR03","G67",11,"K",29.357355896,16.9817065125
"600","WAR03_G67_L2.JPG ","WAR03","G67",12,"L",26.375656145,16.7608383033
"601","WAR03_G68_L2.JPG ","WAR03","G68",1,"A",22.981542381,15.913882317
"602","WAR03_G68_L2.JPG ","WAR03","G68",2,"B",22.981542381,16.547638257
"603","WAR03_G68_L2.JPG ","WAR03","G68",3,"C",25.788179943,19.17320475
"604","WAR03_G68_L2.JPG ","WAR03","G68",4,"D",28.685360238,18.811062612
"605","WAR03_G68_L2.JPG ","WAR03","G68",5,"E",29.138045109,21.527157441
"606","WAR03_G68_L2.JPG ","WAR03","G68",6,"F",37.739014467,23.518953597
"607","WAR03_G68_L2.JPG ","WAR03","G68",7,"G",36.109360449,19.80696069
"608","WAR03_G68_L2.JPG ","WAR03","G68",8,"H",36.743116389,11.2059798144
"609","WAR03_G68_L2.JPG ","WAR03","G68",9,"I",31.220383998,14.2842254196
"610","WAR03_G68_L2.JPG ","WAR03","G68",10,"J",26.603006952,14.2842254196
"611","WAR03_G68_L2.JPG ","WAR03","G68",11,"K",25.878722676,15.099055308
"612","WAR03_G68_L2.JPG ","WAR03","G68",12,"L",22.981542381,15.280126377
"613","WAR04_G1_L2.JPG ","WAR04","G1",1,"A",6.373255173,6.661495911
"614","WAR04_G1_L2.JPG ","WAR04","G1",2,"B",6.446340249,7.611614526
"615","WAR04_G1_L2.JPG ","WAR04","G1",3,"C",8.809462254,8.732269194
"616","WAR04_G1_L2.JPG ","WAR04","G1",4,"D",11.05077159,8.391201297
"617","WAR04_G1_L2.JPG ","WAR04","G1",5,"E",12.122707083,11.168480484
"618","WAR04_G1_L2.JPG ","WAR04","G1",6,"F",18.749188323,13.775219409
"619","WAR04_G1_L2.JPG ","WAR04","G1",7,"G",17.896516476,10.193995968
"620","WAR04_G1_L2.JPG ","WAR04","G1",8,"H",17.94523986,4.834339548
"621","WAR04_G1_L2.JPG ","WAR04","G1",9,"I",13.316446827,5.419028574
"622","WAR04_G1_L2.JPG ","WAR04","G1",10,"J",10.198099743,5.760096471
"623","WAR04_G1_L2.JPG ","WAR04","G1",11,"K",8.833823946,6.442236474
"624","WAR04_G1_L2.JPG ","WAR04","G1",12,"L",6.470701941,6.247338729
"625","WAR04_G3_L2.JPG ","WAR04","G3",1,"A",5.71353442,8.283599384
"626","WAR04_G3_L2.JPG ","WAR04","G3",2,"B",6.063434914,9.258323114
"627","WAR04_G3_L2.JPG ","WAR04","G3",3,"C",7.93790894,9.883150668
"628","WAR04_G3_L2.JPG ","WAR04","G3",4,"D",9.83737555,9.383290352
"629","WAR04_G3_L2.JPG ","WAR04","G3",5,"E",10.88708135,11.457709368
"630","WAR04_G3_L2.JPG ","WAR04","G3",6,"F",17.285282168,12.332462762
"631","WAR04_G3_L2.JPG ","WAR04","G3",7,"G",15.6607383,9.583235342
"632","WAR04_G3_L2.JPG ","WAR04","G3",8,"H",15.185874886,4.2347364378
"633","WAR04_G3_L2.JPG ","WAR04","G3",9,"I",10.462198786,5.984242794
"634","WAR04_G3_L2.JPG ","WAR04","G3",10,"J",8.487754424,7.058941178
"635","WAR04_G3_L2.JPG ","WAR04","G3",11,"K",7.837938604,7.53380891
"636","WAR04_G3_L2.JPG ","WAR04","G3",12,"L",5.813504756,7.808731652
"637","WAR04_G6_L2.JPG ","WAR04","G6",1,"A",8.411966352,7.340920536
"638","WAR04_G6_L2.JPG ","WAR04","G6",2,"B",8.736746616,8.106476592
"639","WAR04_G6_L2.JPG ","WAR04","G6",3,"C",10.430250864,8.477653464
"640","WAR04_G6_L2.JPG ","WAR04","G6",4,"D",12.425337072,8.245666416
"641","WAR04_G6_L2.JPG ","WAR04","G6",5,"E",13.376483568,10.240752624
"642","WAR04_G6_L2.JPG ","WAR04","G6",6,"F",20.266488072,12.653412312
"643","WAR04_G6_L2.JPG ","WAR04","G6",7,"G",18.828169176,10.055162184
"644","WAR04_G6_L2.JPG ","WAR04","G6",8,"H",18.665781048,5.879403336
"645","WAR04_G6_L2.JPG ","WAR04","G6",9,"I",15.487561296,5.879403336
"646","WAR04_G6_L2.JPG ","WAR04","G6",10,"J",11.404595664,5.948998248
"647","WAR04_G6_L2.JPG ","WAR04","G6",11,"K",10.592643,6.552162168
"648","WAR04_G6_L2.JPG ","WAR04","G6",12,"L",8.388768048,6.900144744
"649","WAY04_G1_L2.JPG ","WAY04","G1",1,"A",6.1565964392,5.8103795852
"650","WAY04_G1_L2.JPG ","WAY04","G1",2,"B",6.267628243,6.1064635156
"651","WAY04_G1_L2.JPG ","WAY04","G1",3,"C",7.414957762,6.3655372846
"652","WAY04_G1_L2.JPG ","WAY04","G1",4,"D",8.969400376,6.1064635156
"653","WAY04_G1_L2.JPG ","WAY04","G1",5,"E",9.33950199,7.69791959
"654","WAY04_G1_L2.JPG ","WAY04","G1",6,"F",13.225605226,8.364106454
"655","WAY04_G1_L2.JPG ","WAY04","G1",7,"G",12.374364256,7.031726128
"656","WAY04_G1_L2.JPG ","WAY04","G1",8,"H",12.52241018,4.1449058272
"657","WAY04_G1_L2.JPG ","WAY04","G1",9,"I",9.709610202,4.5150107402
"658","WAY04_G1_L2.JPG ","WAY04","G1",10,"J",7.9331053,5.1812002434
"659","WAY04_G1_L2.JPG ","WAY04","G1",11,"K",7.451965944,5.514294995
"660","WAY04_G1_L2.JPG ","WAY04","G1",12,"L",6.1195862778,5.66233762
"661","WAY04_G2_L2.JPG ","WAY04","G2",1,"A",4.6100410125,8.8723065
"662","WAY04_G2_L2.JPG ","WAY04","G2",2,"B",4.849840725,9.152069625
"663","WAY04_G2_L2.JPG ","WAY04","G2",3,"C",6.088806975,8.992206
"664","WAY04_G2_L2.JPG ","WAY04","G2",4,"D",7.727440125,8.35273725
"665","WAY04_G2_L2.JPG ","WAY04","G2",5,"E",8.247009375,9.631667625
"666","WAY04_G2_L2.JPG ","WAY04","G2",6,"F",11.923936875,9.31193325
"667","WAY04_G2_L2.JPG ","WAY04","G2",7,"G",11.444338875,7.913103375
"668","WAY04_G2_L2.JPG ","WAY04","G2",8,"H",10.085473125,5.71493685
"669","WAY04_G2_L2.JPG ","WAY04","G2",9,"I",7.52760525,6.4343367
"670","WAY04_G2_L2.JPG ","WAY04","G2",10,"J",6.0488407125,7.593369
"671","WAY04_G2_L2.JPG ","WAY04","G2",11,"K",5.72910705,8.072967
"672","WAY04_G2_L2.JPG ","WAY04","G2",12,"L",4.5700740375,8.672471625
"673","WAY04_G3_L2.JPG ","WAY04","G3",1,"A",11.06775611,9.94998508
"674","WAY04_G3_L2.JPG ","WAY04","G3",2,"B",11.517770486,10.500005622
"675","WAY04_G3_L2.JPG ","WAY04","G3",3,"C",13.067825946,10.850022746
"676","WAY04_G3_L2.JPG ","WAY04","G3",4,"D",15.517919072,10.149997412
"677","WAY04_G3_L2.JPG ","WAY04","G3",5,"E",16.467955364,12.30007204
"678","WAY04_G3_L2.JPG ","WAY04","G3",6,"F",21.718140912,12.900091208
"679","WAY04_G3_L2.JPG ","WAY04","G3",7,"G",20.868110786,10.600011788
"680","WAY04_G3_L2.JPG ","WAY04","G3",8,"H",19.318055326,5.0498113076
"681","WAY04_G3_L2.JPG ","WAY04","G3",9,"I",16.367949198,7.449897785
"682","WAY04_G3_L2.JPG ","WAY04","G3",10,"J",13.667854028,8.1999253106
"683","WAY04_G3_L2.JPG ","WAY04","G3",11,"K",13.117833486,9.099954954
"684","WAY04_G3_L2.JPG ","WAY04","G3",12,"L",11.06775611,9.54996933
"685","WAY04_G4_L2.JPG ","WAY04","G4",1,"A",8.366908875,8.152902375
"686","WAY04_G4_L2.JPG ","WAY04","G4",2,"B",8.68664325,8.552572125
"687","WAY04_G4_L2.JPG ","WAY04","G4",3,"C",9.965573625,8.83233525
"688","WAY04_G4_L2.JPG ","WAY04","G4",4,"D",11.804037375,8.312773125
"689","WAY04_G4_L2.JPG ","WAY04","G4",5,"E",12.603376875,9.631667625
"690","WAY04_G4_L2.JPG ","WAY04","G4",6,"F",17.599206,10.0713015
"691","WAY04_G4_L2.JPG ","WAY04","G4",7,"G",17.07963675,8.432672625
"692","WAY04_G4_L2.JPG ","WAY04","G4",8,"H",15.8406705,3.9564034875
"693","WAY04_G4_L2.JPG ","WAY04","G4",9,"I",12.643341,5.555070375
"694","WAY04_G4_L2.JPG ","WAY04","G4",10,"J",10.4052075,6.594203175
"695","WAY04_G4_L2.JPG ","WAY04","G4",11,"K",10.00553775,7.153735125
"696","WAY04_G4_L2.JPG ","WAY04","G4",12,"L",8.326937625,7.793203875
"697","WAY04_G5_L2.JPG ","WAY04","G5",1,"A",3.7339156794,6.9597590184
"698","WAY04_G5_L2.JPG ","WAY04","G5",2,"B",4.0139179599,7.599763416
"699","WAY04_G5_L2.JPG ","WAY04","G5",3,"C",6.8139407649,8.279768445
"700","WAY04_G5_L2.JPG ","WAY04","G5",4,"D",8.893954344,7.99976973
"701","WAY04_G5_L2.JPG ","WAY04","G5",5,"E",9.893962998,10.079782596
"702","WAY04_G5_L2.JPG ","WAY04","G5",6,"F",15.97401048,10.799792535
"703","WAY04_G5_L2.JPG ","WAY04","G5",7,"G",15.37400814,8.119770198
"704","WAY04_G5_L2.JPG ","WAY04","G5",8,"H",14.493999954,2.1597210447
"705","WAY04_G5_L2.JPG ","WAY04","G5",9,"I",10.173968844,4.4797398384
"706","WAY04_G5_L2.JPG ","WAY04","G5",10,"J",7.0139417826,5.1997454988
"707","WAY04_G5_L2.JPG ","WAY04","G5",11,"K",6.493937853,6.1997534397
"708","WAY04_G5_L2.JPG ","WAY04","G5",12,"L",3.6939157611,6.5597562699
"709","WAY04_G6_L2.JPG ","WAY04","G6",1,"A",8.366908875,5.9947035375
"710","WAY04_G6_L2.JPG ","WAY04","G6",2,"B",8.5267725,6.594203175
"711","WAY04_G6_L2.JPG ","WAY04","G6",3,"C",10.6450065,6.993870075
"712","WAY04_G6_L2.JPG ","WAY04","G6",4,"D",12.36357075,6.63417015
"713","WAY04_G6_L2.JPG ","WAY04","G6",5,"E",12.843175875,8.47263675
"714","WAY04_G6_L2.JPG ","WAY04","G6",6,"F",17.99887575,9.551739375
"715","WAY04_G6_L2.JPG ","WAY04","G6",7,"G",17.519270625,7.433505375
"716","WAY04_G6_L2.JPG ","WAY04","G6",8,"H",16.48013925,2.1179368875
"717","WAY04_G6_L2.JPG ","WAY04","G6",9,"I",13.28280975,3.916437225
"718","WAY04_G6_L2.JPG ","WAY04","G6",10,"J",10.804870125,4.7557372875
"719","WAY04_G6_L2.JPG ","WAY04","G6",11,"K",10.045509,5.4751371375
"720","WAY04_G6_L2.JPG ","WAY04","G6",12,"L",8.366908875,5.7948700875
"721","WAY04_G7_L_Marks.JPG ","WAY04","G7",1,"A",6.0960147162,6.3189841755
"722","WAY04_G7_L_Marks.JPG ","WAY04","G7",2,"B",6.1355097975,6.5164609902
"723","WAY04_G7_L_Marks.JPG ","WAY04","G7",3,"C",7.043907933,6.4769659089
"724","WAY04_G7_L_Marks.JPG ","WAY04","G7",4,"D",8.189274444,6.0820108713
"725","WAY04_G7_L_Marks.JPG ","WAY04","G7",5,"E",8.46574635,7.069396353
"726","WAY04_G7_L_Marks.JPG ","WAY04","G7",6,"F",10.993451268,7.26687528
"727","WAY04_G7_L_Marks.JPG ","WAY04","G7",7,"G",10.440514497,6.3979750422
"728","WAY04_G7_L_Marks.JPG ","WAY04","G7",8,"H",10.085056653,4.4626963437
"729","WAY04_G7_L_Marks.JPG ","WAY04","G7",9,"I",8.268267423,5.1341197668
"730","WAY04_G7_L_Marks.JPG ","WAY04","G7",10,"J",7.359872808,5.2526057148
"731","WAY04_G7_L_Marks.JPG ","WAY04","G7",11,"K",6.8859240873,5.7265516191
"732","WAY04_G7_L_Marks.JPG ","WAY04","G7",12,"L",6.1355097975,6.2004975234
"733","WAY04_G9_L2.JPG ","WAY04","G9",1,"A",8.692190806,8.220742622
"734","WAY04_G9_L2.JPG ","WAY04","G9",2,"B",8.775226442,8.469864334
"735","WAY04_G9_L2.JPG ","WAY04","G9",3,"C",10.269964116,8.885072122
"736","WAY04_G9_L2.JPG ","WAY04","G9",4,"D",11.972305684,8.30378566
"737","WAY04_G9_L2.JPG ","WAY04","G9",5,"E",12.553592146,9.92308419
"738","WAY04_G9_L2.JPG ","WAY04","G9",6,"F",16.124353956,10.379809796
"739","WAY04_G9_L2.JPG ","WAY04","G9",7,"G",15.709146168,8.428346516
"740","WAY04_G9_L2.JPG ","WAY04","G9",8,"H",14.920255812,5.2312694946
"741","WAY04_G9_L2.JPG ","WAY04","G9",9,"I",12.138384358,6.35232238
"742","WAY04_G9_L2.JPG ","WAY04","G9",10,"J",10.519085828,7.1827312942
"743","WAY04_G9_L2.JPG ","WAY04","G9",11,"K",10.103885442,7.722499198
"744","WAY04_G9_L2.JPG ","WAY04","G9",12,"L",8.692190806,8.096181766
